[
  {"_id":"5a68fdc3615eda645bc6bdec","tags":["express","backend"],"date":"2018-01-24T21:42:27.388Z","name":"Express.js API 서버","author":"neo","isPublished":true,"price":10,"__v":0},
  {"_id":"5a68fdd7bee8ea64649c2777","tags":["node","backend"],"date":"2018-01-24T21:42:47.912Z","name":"Node.js 기초","author":"neo","isPublished":true,"price":20,"__v":0},
  {"_id":"5a68fde3f09ad7646ddec17e","tags":["dapp","blockchain"],"date":"2018-01-24T21:42:59.605Z","name":"실전 DApp 개발","author":"john","isPublished":false,"price":15,"__v":0},
  {"_id":"5a68fdf95db93f6477053ddd","tags":["react","frontend"],"date":"2018-01-24T21:43:21.589Z","name":"React SPA","author":"neo","isPublished":true, "price":30, "__v":0},
  {"_id":"5a68fe2142ae6a6482c4c9cb","tags":["hyperledger","blockchain"],"date":"2018-01-24T21:44:01.075Z","name":"도입! 하이퍼레저","author":"john","isPublished":false,"price":12,"__v":0},
  {"_id":"5a68ff090c553064a218a547","tags":["es6","programming language"],"date":"2018-01-24T21:47:53.128Z","name":"ES6 완전정복","author":"neo","isPublished":true,"price":12,"__v":0},
  {"_id":"5a6900fff467be65019a9001","tags":["BrowserJS","frontend"],"date":"2018-01-24T21:56:15.353Z","name":"VanillaJS App","author":"neo","isPublished":true,"price":15,"__v":0}
]